-- phpMyAdmin SQL Dump
-- version 4.7.7
-- https://www.phpmyadmin.net/
--
-- Servidor: localhost:3306
-- Tiempo de generación: 02-03-2019 a las 17:02:30
-- Versión del servidor: 5.5.61-38.13-log
-- Versión de PHP: 5.6.30

SET SQL_MODE = "NO_AUTO_VALUE_ON_ZERO";
SET AUTOCOMMIT = 0;
START TRANSACTION;
SET time_zone = "+00:00";


/*!40101 SET @OLD_CHARACTER_SET_CLIENT=@@CHARACTER_SET_CLIENT */;
/*!40101 SET @OLD_CHARACTER_SET_RESULTS=@@CHARACTER_SET_RESULTS */;
/*!40101 SET @OLD_COLLATION_CONNECTION=@@COLLATION_CONNECTION */;
/*!40101 SET NAMES utf8mb4 */;

--
-- Base de datos: `riesgops_bateria`
--

-- --------------------------------------------------------

--
-- Estructura de tabla para la tabla `bateria_detalle`
--

CREATE TABLE `bateria_detalle` (
  `id_bateria` int(11) NOT NULL,
  `id_pregunta` int(11) NOT NULL,
  `id_formulario` int(11) NOT NULL,
  `respuesta` varchar(2000) COLLATE utf8_spanish_ci NOT NULL,
  `observaciones` varchar(4000) COLLATE utf8_spanish_ci NOT NULL,
  `FINALIZADO` enum('N','S') CHARACTER SET latin1 NOT NULL DEFAULT 'N'
) ENGINE=MyISAM DEFAULT CHARSET=utf8 COLLATE=utf8_spanish_ci;

--
-- Volcado de datos para la tabla `bateria_detalle`
--

INSERT INTO `bateria_detalle` (`id_bateria`, `id_pregunta`, `id_formulario`, `respuesta`, `observaciones`, `FINALIZADO`) VALUES
(1, 1, 1, 'DANIEL', '', 'N'),
(1, 2, 1, 'HUMBERTO', '', 'N'),
(1, 3, 1, 'MEDINA', '', 'N'),
(1, 4, 1, 'CASTELLANOS', '', 'N'),
(1, 5, 1, 'M', '', 'N'),
(1, 6, 1, '1972-05-02', '', 'N'),
(1, 7, 1, 'CA', '', 'N'),
(1, 8, 1, 'PGI', '', 'N'),
(1, 9, 1, 'Ingeniero Ambiental', '', 'N'),
(1, 10, 1, 'CM', '', 'N'),
(1, 11, 1, '5', '', 'N'),
(1, 12, 1, 'P', '', 'N'),
(1, 13, 1, '3', '', 'N'),
(1, 14, 1, 'CM', '', 'N'),
(1, 15, 1, 'MN', '', 'N'),
(1, 16, 1, 'Director División Renovables', '', 'N'),
(1, 17, 1, 'J', '', 'N'),
(1, 18, 1, 'MN', '', 'N'),
(1, 19, 1, 'Divisón Renovables', '', 'N'),
(1, 20, 1, 'TI', '', 'N'),
(1, 21, 1, '8', '', 'N'),
(1, 22, 1, 'FI', '', 'N'),
(1, 23, 6, 'SI', '', 'N'),
(1, 24, 6, 'NU', '', 'N'),
(1, 25, 6, 'SI', '', 'N'),
(1, 26, 6, 'SI', '', 'N'),
(1, 27, 6, 'SI', '', 'N'),
(1, 28, 6, 'NU', '', 'N'),
(1, 29, 6, 'SI', '', 'N'),
(1, 30, 6, 'SI', '', 'N'),
(1, 31, 6, 'SI', '', 'N'),
(1, 32, 6, 'SI', '', 'N'),
(1, 33, 6, 'SI', '', 'N'),
(1, 34, 6, 'SI', '', 'N'),
(1, 35, 6, 'SI', '', 'N'),
(1, 36, 6, 'SI', '', 'N'),
(1, 37, 6, 'SI', '', 'N'),
(1, 38, 6, 'SI', '', 'N'),
(1, 39, 6, 'SI', '', 'N'),
(1, 40, 6, 'SI', '', 'N'),
(1, 41, 6, 'SI', '', 'N'),
(1, 42, 6, 'CS', '', 'N'),
(1, 43, 6, 'SI', '', 'N'),
(1, 44, 6, 'SI', '', 'N'),
(1, 45, 6, 'CS', '', 'N'),
(1, 46, 6, 'CN', '', 'N'),
(1, 47, 6, 'SI', '', 'N'),
(1, 48, 6, 'CN', '', 'N'),
(1, 49, 6, 'SI', '', 'N'),
(1, 50, 6, 'CN', '', 'N'),
(1, 51, 6, 'CS', '', 'N'),
(1, 52, 6, 'SI', '', 'N'),
(1, 53, 6, 'AV', '', 'N'),
(1, 54, 7, 'NU', '', 'N'),
(1, 55, 7, 'CN', '', 'N'),
(1, 56, 7, 'NU', '', 'N'),
(1, 57, 7, 'CN', '', 'N'),
(1, 58, 7, 'CN', '', 'N'),
(1, 59, 7, 'NU', '', 'N'),
(1, 60, 7, 'NU', '', 'N'),
(1, 61, 7, 'NU', '', 'N'),
(1, 62, 7, 'NU', '', 'N'),
(1, 63, 7, 'NU', '', 'N'),
(1, 64, 7, 'CN', '', 'N'),
(1, 65, 7, 'NU', '', 'N'),
(1, 66, 7, 'AV', '', 'N'),
(1, 67, 7, 'CN', '', 'N'),
(1, 68, 7, 'NU', '', 'N'),
(1, 69, 7, 'CN', '', 'N'),
(1, 70, 7, 'CN', '', 'N'),
(1, 71, 7, 'CN', '', 'N'),
(1, 72, 7, 'NU', '', 'N'),
(1, 73, 7, 'CN', '', 'N'),
(1, 74, 7, 'CN', '', 'N'),
(1, 75, 7, 'NU', '', 'N'),
(1, 76, 7, 'NU', '', 'N'),
(1, 77, 7, 'AV', '', 'N'),
(1, 78, 7, 'CN', '', 'N'),
(1, 79, 7, 'NU', '', 'N'),
(1, 80, 7, 'NU', '', 'N'),
(1, 81, 7, 'SI', '', 'N'),
(1, 82, 7, 'NU', '', 'N'),
(1, 83, 7, 'AV', '', 'N'),
(1, 84, 7, 'CN', '', 'N'),
(1, 236, 4, '', '', 'N'),
(1, 237, 4, '', '', 'N'),
(1, 238, 4, '', '', 'N'),
(1, 239, 4, '', '', 'N'),
(1, 240, 4, '', '', 'N'),
(1, 241, 4, '', '', 'N'),
(1, 242, 4, '', '', 'N'),
(1, 243, 4, '', '', 'N'),
(1, 244, 4, '', '', 'N'),
(1, 245, 4, '', '', 'N'),
(1, 246, 4, '', '', 'N'),
(1, 247, 4, '', '', 'N'),
(1, 248, 4, '', '', 'N'),
(1, 249, 4, '', '', 'N'),
(1, 250, 4, '', '', 'N'),
(1, 251, 4, '', '', 'N'),
(1, 252, 4, '', '', 'N'),
(1, 253, 4, '', '', 'N'),
(1, 254, 4, '', '', 'N'),
(1, 255, 4, '', '', 'N'),
(1, 256, 4, '', '', 'N'),
(1, 257, 4, '', '', 'N'),
(1, 258, 4, '', '', 'N'),
(1, 259, 4, '', '', 'N'),
(1, 260, 4, '', '', 'N'),
(1, 261, 4, '', '', 'N'),
(1, 262, 4, '', '', 'N'),
(1, 263, 4, '', '', 'N'),
(1, 264, 4, '', '', 'N'),
(1, 265, 4, '', '', 'N'),
(1, 266, 4, '', '', 'N'),
(1, 267, 4, '', '', 'N'),
(1, 268, 4, '', '', 'N'),
(1, 269, 4, '', '', 'N'),
(1, 270, 4, '', '', 'N'),
(1, 271, 4, '', '', 'N'),
(1, 272, 4, '', '', 'N'),
(1, 273, 4, '', '', 'N'),
(1, 274, 4, '', '', 'N'),
(1, 275, 4, '', '', 'N'),
(1, 276, 4, '', '', 'N'),
(1, 277, 4, '', '', 'N'),
(1, 278, 4, '', '', 'N'),
(1, 279, 4, '', '', 'N'),
(1, 280, 4, '', '', 'N'),
(1, 281, 4, '', '', 'N'),
(1, 282, 4, '', '', 'N'),
(1, 283, 4, '', '', 'N'),
(1, 284, 4, '', '', 'N'),
(1, 285, 4, '', '', 'N'),
(1, 286, 4, '', '', 'N'),
(1, 287, 4, '', '', 'N'),
(1, 288, 4, '', '', 'N'),
(1, 289, 4, '', '', 'N'),
(1, 290, 4, '', '', 'N'),
(1, 291, 4, '', '', 'N'),
(1, 292, 4, '', '', 'N'),
(1, 293, 4, '', '', 'N'),
(1, 294, 4, '', '', 'N'),
(1, 295, 4, '', '', 'N'),
(1, 296, 4, '', '', 'N'),
(1, 297, 4, '', '', 'N'),
(1, 298, 4, '', '', 'N'),
(1, 299, 4, '', '', 'N'),
(1, 300, 4, '', '', 'N'),
(1, 301, 4, '', '', 'N'),
(1, 302, 4, '', '', 'N'),
(1, 303, 4, '', '', 'N'),
(1, 304, 4, '', '', 'N'),
(1, 305, 4, '', '', 'N'),
(1, 306, 4, '', '', 'N'),
(1, 307, 4, '', '', 'N'),
(1, 308, 4, '', '', 'N'),
(1, 309, 4, '', '', 'N'),
(1, 310, 4, '', '', 'N'),
(1, 311, 4, '', '', 'N'),
(1, 312, 4, '', '', 'N'),
(1, 313, 4, '', '', 'N'),
(1, 314, 4, '', '', 'N'),
(1, 315, 4, '', '', 'N'),
(1, 316, 4, '', '', 'N'),
(1, 317, 4, '', '', 'N'),
(1, 318, 4, '', '', 'N'),
(1, 319, 4, '', '', 'N'),
(1, 320, 4, '', '', 'N'),
(1, 321, 4, '', '', 'N'),
(1, 322, 4, '', '', 'N'),
(1, 323, 4, '', '', 'N'),
(1, 324, 4, '', '', 'N'),
(1, 325, 4, '', '', 'N'),
(1, 326, 4, '', '', 'N'),
(1, 327, 4, '', '', 'N'),
(1, 328, 4, '', '', 'N'),
(1, 329, 4, '', '', 'N'),
(1, 330, 4, '', '', 'N'),
(1, 331, 4, '', '', 'N'),
(1, 332, 4, '', '', 'N'),
(1, 333, 4, '', '', 'N'),
(1, 334, 4, '', '', 'N'),
(1, 335, 4, '', '', 'N'),
(1, 336, 4, '', '', 'N'),
(1, 337, 4, '', '', 'N'),
(1, 338, 4, '', '', 'N'),
(1, 339, 4, '', '', 'N'),
(1, 340, 4, '', '', 'N'),
(1, 341, 4, '', '', 'N'),
(1, 342, 4, '', '', 'N'),
(1, 343, 4, '', '', 'N'),
(1, 344, 4, '', '', 'N'),
(1, 345, 4, '', '', 'N'),
(1, 346, 4, '', '', 'N'),
(1, 347, 4, '', '', 'N'),
(1, 348, 4, '', '', 'N'),
(1, 349, 4, '', '', 'N'),
(1, 350, 4, '', '', 'N'),
(1, 351, 4, '', '', 'N'),
(1, 352, 4, '', '', 'N'),
(1, 353, 4, '', '', 'N'),
(1, 354, 4, '', '', 'N'),
(1, 355, 4, '', '', 'N'),
(1, 356, 4, '', '', 'N'),
(1, 357, 4, '', '', 'N'),
(1, 358, 4, '', '', 'N'),
(1, 359, 4, '', '', 'N'),
(1, 360, 4, '', '', 'N'),
(2, 1, 1, 'HENRY', '', 'N'),
(2, 2, 1, 'HUMBERTO', '', 'N'),
(2, 3, 1, 'MEDINA', '', 'N'),
(2, 4, 1, 'VACA', '', 'N'),
(2, 5, 1, 'M', '', 'N'),
(2, 6, 1, '1950-06-19', '', 'N'),
(2, 7, 1, 'CA', '', 'N'),
(2, 8, 1, 'PC', '', 'N'),
(2, 9, 1, 'ingeniero metalurgico', '', 'N'),
(2, 10, 1, 'CM', '', 'N'),
(2, 11, 1, '2', '', 'N'),
(2, 12, 1, 'P', '', 'N'),
(2, 13, 1, '0', '', 'N'),
(2, 14, 1, 'CM', '', 'N'),
(2, 15, 1, 'MN', '', 'N'),
(2, 16, 1, 'gerente', '', 'N'),
(2, 17, 1, 'J', '', 'N'),
(2, 18, 1, 'MN', '', 'N'),
(2, 19, 1, 'gerencia', '', 'N'),
(2, 20, 1, 'TI', '', 'N'),
(2, 21, 1, '7', '', 'N'),
(2, 22, 1, 'FI', '', 'N'),
(2, 23, 6, 'SI', '', 'N'),
(2, 24, 6, 'SI', '', 'N'),
(2, 25, 6, 'AV', '', 'N'),
(2, 26, 6, 'SI', '', 'N'),
(2, 27, 6, 'SI', '', 'N'),
(2, 28, 6, 'CN', '', 'N'),
(2, 29, 6, 'SI', '', 'N'),
(2, 30, 6, 'SI', '', 'N'),
(2, 31, 6, 'SI', '', 'N'),
(2, 32, 6, 'SI', '', 'N'),
(2, 33, 6, 'SI', '', 'N'),
(2, 34, 6, 'SI', '', 'N'),
(2, 35, 6, 'SI', '', 'N'),
(2, 36, 6, 'SI', '', 'N'),
(2, 37, 6, 'SI', '', 'N'),
(2, 38, 6, 'SI', '', 'N'),
(2, 39, 6, 'SI', '', 'N'),
(2, 40, 6, 'SI', '', 'N'),
(2, 41, 6, 'SI', '', 'N'),
(2, 42, 6, 'SI', '', 'N'),
(2, 43, 6, 'CS', '', 'N'),
(2, 44, 6, 'SI', '', 'N'),
(2, 45, 6, 'SI', '', 'N'),
(2, 46, 6, 'CN', '', 'N'),
(2, 47, 6, 'SI', '', 'N'),
(2, 48, 6, 'CN', '', 'N'),
(2, 49, 6, 'SI', '', 'N'),
(2, 50, 6, 'CN', '', 'N'),
(2, 51, 6, 'SI', '', 'N'),
(2, 52, 6, 'NU', '', 'N'),
(2, 53, 6, 'NU', '', 'N'),
(2, 54, 7, 'CN', '', 'N'),
(2, 55, 7, 'NU', '', 'N'),
(2, 56, 7, 'NU', '', 'N'),
(2, 57, 7, 'NU', '', 'N'),
(2, 58, 7, 'CN', '', 'N'),
(2, 59, 7, 'NU', '', 'N'),
(2, 60, 7, 'NU', '', 'N'),
(2, 61, 7, 'NU', '', 'N'),
(2, 62, 7, 'NU', '', 'N'),
(2, 63, 7, 'NU', '', 'N'),
(2, 64, 7, 'NU', '', 'N'),
(2, 65, 7, 'NU', '', 'N'),
(2, 66, 7, 'CN', '', 'N'),
(2, 67, 7, 'NU', '', 'N'),
(2, 68, 7, 'NU', '', 'N'),
(2, 69, 7, 'NU', '', 'N'),
(2, 70, 7, 'NU', '', 'N'),
(2, 71, 7, 'NU', '', 'N'),
(2, 72, 7, 'NU', '', 'N'),
(2, 73, 7, 'NU', '', 'N'),
(2, 74, 7, 'CN', '', 'N'),
(2, 75, 7, 'NU', '', 'N'),
(2, 76, 7, 'NU', '', 'N'),
(2, 77, 7, 'NU', '', 'N'),
(2, 78, 7, 'NU', '', 'N'),
(2, 79, 7, 'NU', '', 'N'),
(2, 80, 7, 'NU', '', 'N'),
(2, 81, 7, 'AV', '', 'N'),
(2, 82, 7, 'NU', '', 'N'),
(2, 83, 7, 'NU', '', 'N'),
(2, 84, 7, 'NU', '', 'N'),
(2, 236, 4, 'NU', '', 'N'),
(2, 237, 4, 'CN', '', 'N'),
(2, 238, 4, 'NU', '', 'N'),
(2, 239, 4, 'SI', '', 'N'),
(2, 240, 4, 'SI', '', 'N'),
(2, 241, 4, 'SI', '', 'N'),
(2, 242, 4, 'NU', '', 'N'),
(2, 243, 4, 'NU', '', 'N'),
(2, 244, 4, 'SI', '', 'N'),
(2, 245, 4, 'NU', '', 'N'),
(2, 246, 4, 'NU', '', 'N'),
(2, 247, 4, 'SI', '', 'N'),
(2, 248, 4, 'NU', '', 'N'),
(2, 249, 4, 'SI', '', 'N'),
(2, 250, 4, 'CN', '', 'N'),
(2, 251, 4, 'CN', '', 'N'),
(2, 252, 4, 'CS', '', 'N'),
(2, 253, 4, 'CS', '', 'N'),
(2, 254, 4, 'CS', '', 'N'),
(2, 255, 4, 'AV', '', 'N'),
(2, 256, 4, 'SI', '', 'N'),
(2, 257, 4, 'CS', '', 'N'),
(2, 258, 4, 'SI', '', 'N'),
(2, 259, 4, 'SI', '', 'N'),
(2, 260, 4, 'NU', '', 'N'),
(2, 261, 4, 'NU', '', 'N'),
(2, 262, 4, 'NU', '', 'N'),
(2, 263, 4, 'NU', '', 'N'),
(2, 264, 4, 'NU', '', 'N'),
(2, 265, 4, 'CN', '', 'N'),
(2, 266, 4, 'NU', '', 'N'),
(2, 267, 4, 'SI', '', 'N'),
(2, 268, 4, 'NU', '', 'N'),
(2, 269, 4, 'SI', '', 'N'),
(2, 270, 4, 'NU', '', 'N'),
(2, 271, 4, 'NU', '', 'N'),
(2, 272, 4, 'CN', '', 'N'),
(2, 273, 4, 'NU', '', 'N'),
(2, 274, 4, 'SI', '', 'N'),
(2, 275, 4, 'SI', '', 'N'),
(2, 276, 4, 'SI', '', 'N'),
(2, 277, 4, 'SI', '', 'N'),
(2, 278, 4, 'SI', '', 'N'),
(2, 279, 4, 'SI', '', 'N'),
(2, 280, 4, 'SI', '', 'N'),
(2, 281, 4, 'SI', '', 'N'),
(2, 282, 4, 'SI', '', 'N'),
(2, 283, 4, 'SI', '', 'N'),
(2, 284, 4, 'SI', '', 'N'),
(2, 285, 4, 'SI', '', 'N'),
(2, 286, 4, 'SI', '', 'N'),
(2, 287, 4, 'NU', '', 'N'),
(2, 288, 4, 'SI', '', 'N'),
(2, 289, 4, 'SI', '', 'N'),
(2, 290, 4, 'SI', '', 'N'),
(2, 291, 4, 'SI', '', 'N'),
(2, 292, 4, 'SI', '', 'N'),
(2, 293, 4, 'SI', '', 'N'),
(2, 294, 4, 'SI', '', 'N'),
(2, 295, 4, 'SI', '', 'N'),
(2, 296, 4, 'SI', '', 'N'),
(2, 297, 4, 'SI', '', 'N'),
(2, 298, 4, 'SI', '', 'N'),
(2, 299, 4, 'CS', '', 'N'),
(2, 300, 4, 'SI', '', 'N'),
(2, 301, 4, 'SI', '', 'N'),
(2, 302, 4, 'SI', '', 'N'),
(2, 303, 4, 'SI', '', 'N'),
(2, 304, 4, 'SI', '', 'N'),
(2, 305, 4, 'SI', '', 'N'),
(2, 306, 4, 'SI', '', 'N'),
(2, 307, 4, 'SI', '', 'N'),
(2, 308, 4, 'SI', '', 'N'),
(2, 309, 4, 'SI', '', 'N'),
(2, 310, 4, 'SI', '', 'N'),
(2, 311, 4, 'SI', '', 'N'),
(2, 312, 4, 'SI', '', 'N'),
(2, 313, 4, 'SI', '', 'N'),
(2, 314, 4, 'SI', '', 'N'),
(2, 315, 4, 'SI', '', 'N'),
(2, 316, 4, 'SI', '', 'N'),
(2, 317, 4, 'SI', '', 'N'),
(2, 318, 4, 'SI', '', 'N'),
(2, 319, 4, 'SI', '', 'N'),
(2, 320, 4, 'SI', '', 'N'),
(2, 321, 4, 'SI', '', 'N'),
(2, 322, 4, 'SI', '', 'N'),
(2, 323, 4, 'SI', '', 'N'),
(2, 324, 4, 'SI', '', 'N'),
(2, 325, 4, 'SI', '', 'N'),
(2, 326, 4, 'SI', '', 'N'),
(2, 327, 4, 'SI', '', 'N'),
(2, 328, 4, 'SI', '', 'N'),
(2, 329, 4, 'SI', '', 'N'),
(2, 330, 4, 'SI', '', 'N'),
(2, 331, 4, 'SI', '', 'N'),
(2, 332, 4, 'SI', '', 'N'),
(2, 333, 4, 'SI', '', 'N'),
(2, 334, 4, 'SI', '', 'N'),
(2, 335, 4, 'SI', '', 'N'),
(2, 336, 4, 'SI', '', 'N'),
(2, 337, 4, 'SI', '', 'N'),
(2, 338, 4, 'SI', '', 'N'),
(2, 339, 4, 'SI', '', 'N'),
(2, 340, 4, 'SI', '', 'N'),
(2, 341, 4, 'S', '', 'N'),
(2, 342, 4, 'AV', '', 'N'),
(2, 343, 4, 'AV', '', 'N'),
(2, 344, 4, 'CN', '', 'N'),
(2, 345, 4, 'NU', '', 'N'),
(2, 346, 4, 'CN', '', 'N'),
(2, 347, 4, 'NU', '', 'N'),
(2, 348, 4, 'NU', '', 'N'),
(2, 349, 4, 'NU', '', 'N'),
(2, 350, 4, 'NU', '', 'N'),
(2, 351, 4, 'S', '', 'N'),
(2, 352, 4, 'CN', '', 'N'),
(2, 353, 4, 'NU', '', 'N'),
(2, 354, 4, 'NU', '', 'N'),
(2, 355, 4, 'NU', '', 'N'),
(2, 356, 4, 'NU', '', 'N'),
(2, 357, 4, 'NU', '', 'N'),
(2, 358, 4, 'NU', '', 'N'),
(2, 359, 4, 'NU', '', 'N'),
(2, 360, 4, 'NU', '', 'N'),
(3, 1, 1, 'LUCILA', '', 'N'),
(3, 2, 1, 'ESTHER', '', 'N'),
(3, 3, 1, 'CASTELLANOS', '', 'N'),
(3, 4, 1, 'DE MEDINA', '', 'N'),
(3, 5, 1, 'F', '', 'N'),
(3, 6, 1, '1951-01-22', '', 'N'),
(3, 7, 1, 'CA', '', 'N'),
(3, 8, 1, 'PI', '', 'N'),
(3, 9, 1, 'administracion', '', 'N'),
(3, 10, 1, 'CM', '', 'N'),
(3, 11, 1, '2', '', 'N'),
(3, 12, 1, 'P', '', 'N'),
(3, 13, 1, '0', '', 'N'),
(3, 14, 1, 'CM', '', 'N'),
(3, 15, 1, 'MN', '', 'N'),
(3, 16, 1, 'financiero', '', 'N'),
(3, 17, 1, 'P', '', 'N'),
(3, 18, 1, 'MN', '', 'N'),
(3, 19, 1, 'financiero', '', 'N'),
(3, 20, 1, 'TI', '', 'N'),
(3, 21, 1, '7', '', 'N'),
(3, 22, 1, 'FI', '', 'N'),
(3, 23, 6, 'SI', '', 'N'),
(3, 24, 6, 'SI', '', 'N'),
(3, 25, 6, 'NU', '', 'N'),
(3, 26, 6, 'SI', '', 'N'),
(3, 27, 6, 'SI', '', 'N'),
(3, 28, 6, 'CN', '', 'N'),
(3, 29, 6, 'SI', '', 'N'),
(3, 30, 6, 'SI', '', 'N'),
(3, 31, 6, 'SI', '', 'N'),
(3, 32, 6, 'SI', '', 'N'),
(3, 33, 6, 'SI', '', 'N'),
(3, 34, 6, 'SI', '', 'N'),
(3, 35, 6, 'SI', '', 'N'),
(3, 36, 6, 'SI', '', 'N'),
(3, 37, 6, 'SI', '', 'N'),
(3, 38, 6, 'SI', '', 'N'),
(3, 39, 6, 'SI', '', 'N'),
(3, 40, 6, 'SI', '', 'N'),
(3, 41, 6, 'SI', '', 'N'),
(3, 42, 6, 'CS', '', 'N'),
(3, 43, 6, 'CS', '', 'N'),
(3, 44, 6, 'SI', '', 'N'),
(3, 45, 6, 'CS', '', 'N'),
(3, 46, 6, 'NU', '', 'N'),
(3, 47, 6, 'SI', '', 'N'),
(3, 48, 6, 'NU', '', 'N'),
(3, 49, 6, 'SI', '', 'N'),
(3, 50, 6, 'NU', '', 'N'),
(3, 51, 6, 'SI', '', 'N'),
(3, 52, 6, 'NU', '', 'N'),
(3, 53, 6, 'NU', '', 'N'),
(3, 54, 7, 'CN', '', 'N'),
(3, 55, 7, 'NU', '', 'N'),
(3, 56, 7, 'NU', '', 'N'),
(3, 57, 7, 'NU', '', 'N'),
(3, 58, 7, 'CN', '', 'N'),
(3, 59, 7, 'NU', '', 'N'),
(3, 60, 7, 'NU', '', 'N'),
(3, 61, 7, 'NU', '', 'N'),
(3, 62, 7, 'NU', '', 'N'),
(3, 63, 7, 'NU', '', 'N'),
(3, 64, 7, 'NU', '', 'N'),
(3, 65, 7, 'NU', '', 'N'),
(3, 66, 7, 'NU', '', 'N'),
(3, 67, 7, 'NU', '', 'N'),
(3, 68, 7, 'NU', '', 'N'),
(3, 69, 7, 'NU', '', 'N'),
(3, 70, 7, 'NU', '', 'N'),
(3, 71, 7, 'NU', '', 'N'),
(3, 72, 7, 'NU', '', 'N'),
(3, 73, 7, 'NU', '', 'N'),
(3, 74, 7, 'NU', '', 'N'),
(3, 75, 7, 'NU', '', 'N'),
(3, 76, 7, 'NU', '', 'N'),
(3, 77, 7, 'NU', '', 'N'),
(3, 78, 7, 'NU', '', 'N'),
(3, 79, 7, 'NU', '', 'N'),
(3, 80, 7, 'NU', '', 'N'),
(3, 81, 7, 'AV', '', 'N'),
(3, 82, 7, 'NU', '', 'N'),
(3, 83, 7, 'NU', '', 'N'),
(3, 84, 7, 'NU', '', 'N'),
(3, 236, 4, 'NU', '', 'N'),
(3, 237, 4, 'NU', '', 'N'),
(3, 238, 4, 'NU', '', 'N'),
(3, 239, 4, 'SI', '', 'N'),
(3, 240, 4, 'SI', '', 'N'),
(3, 241, 4, 'SI', '', 'N'),
(3, 242, 4, 'NU', '', 'N'),
(3, 243, 4, 'NU', '', 'N'),
(3, 244, 4, 'SI', '', 'N'),
(3, 245, 4, 'NU', '', 'N'),
(3, 246, 4, 'NU', '', 'N'),
(3, 247, 4, 'SI', '', 'N'),
(3, 248, 4, 'NU', '', 'N'),
(3, 249, 4, 'SI', '', 'N'),
(3, 250, 4, 'NU', '', 'N'),
(3, 251, 4, 'AV', '', 'N'),
(3, 252, 4, 'SI', '', 'N'),
(3, 253, 4, 'AV', '', 'N'),
(3, 254, 4, 'CN', '', 'N'),
(3, 255, 4, 'CN', '', 'N'),
(3, 256, 4, 'AV', '', 'N'),
(3, 257, 4, 'NU', '', 'N'),
(3, 258, 4, 'NU', '', 'N'),
(3, 259, 4, 'NU', '', 'N'),
(3, 260, 4, 'SI', '', 'N'),
(3, 261, 4, 'NU', '', 'N'),
(3, 262, 4, 'NU', '', 'N'),
(3, 263, 4, 'NU', '', 'N'),
(3, 264, 4, 'NU', '', 'N'),
(3, 265, 4, 'NU', '', 'N'),
(3, 266, 4, 'NU', '', 'N'),
(3, 267, 4, 'SI', '', 'N'),
(3, 268, 4, 'NU', '', 'N'),
(3, 269, 4, 'SI', '', 'N'),
(3, 270, 4, 'NU', '', 'N'),
(3, 271, 4, 'NU', '', 'N'),
(3, 272, 4, 'NU', '', 'N'),
(3, 273, 4, 'NU', '', 'N'),
(3, 274, 4, 'SI', '', 'N'),
(3, 275, 4, 'SI', '', 'N'),
(3, 276, 4, 'SI', '', 'N'),
(3, 277, 4, 'SI', '', 'N'),
(3, 278, 4, 'SI', '', 'N'),
(3, 279, 4, 'SI', '', 'N'),
(3, 280, 4, 'SI', '', 'N'),
(3, 281, 4, 'SI', '', 'N'),
(3, 282, 4, 'SI', '', 'N'),
(3, 283, 4, 'SI', '', 'N'),
(3, 284, 4, 'SI', '', 'N'),
(3, 285, 4, 'SI', '', 'N'),
(3, 286, 4, 'SI', '', 'N'),
(3, 287, 4, 'NU', '', 'N'),
(3, 288, 4, 'SI', '', 'N'),
(3, 289, 4, 'SI', '', 'N'),
(3, 290, 4, 'SI', '', 'N'),
(3, 291, 4, 'SI', '', 'N'),
(3, 292, 4, 'SI', '', 'N'),
(3, 293, 4, 'SI', '', 'N'),
(3, 294, 4, 'SI', '', 'N'),
(3, 295, 4, 'SI', '', 'N'),
(3, 296, 4, 'SI', '', 'N'),
(3, 297, 4, 'SI', '', 'N'),
(3, 298, 4, 'SI', '', 'N'),
(3, 299, 4, 'SI', '', 'N'),
(3, 300, 4, 'SI', '', 'N'),
(3, 301, 4, 'SI', '', 'N'),
(3, 302, 4, 'SI', '', 'N'),
(3, 303, 4, 'SI', '', 'N'),
(3, 304, 4, 'SI', '', 'N'),
(3, 305, 4, 'SI', '', 'N'),
(3, 306, 4, 'SI', '', 'N'),
(3, 307, 4, 'SI', '', 'N'),
(3, 308, 4, 'SI', '', 'N'),
(3, 309, 4, 'SI', '', 'N'),
(3, 310, 4, 'SI', '', 'N'),
(3, 311, 4, 'SI', '', 'N'),
(3, 312, 4, 'SI', '', 'N'),
(3, 313, 4, 'SI', '', 'N'),
(3, 314, 4, 'SI', '', 'N'),
(3, 315, 4, 'NU', '', 'N'),
(3, 316, 4, 'SI', '', 'N'),
(3, 317, 4, 'SI', '', 'N'),
(3, 318, 4, 'SI', '', 'N'),
(3, 319, 4, 'SI', '', 'N'),
(3, 320, 4, 'SI', '', 'N'),
(3, 321, 4, 'SI', '', 'N'),
(3, 322, 4, 'SI', '', 'N'),
(3, 323, 4, 'SI', '', 'N'),
(3, 324, 4, 'CS', '', 'N'),
(3, 325, 4, 'SI', '', 'N'),
(3, 326, 4, 'SI', '', 'N'),
(3, 327, 4, 'SI', '', 'N'),
(3, 328, 4, 'SI', '', 'N'),
(3, 329, 4, 'SI', '', 'N'),
(3, 330, 4, 'SI', '', 'N'),
(3, 331, 4, 'SI', '', 'N'),
(3, 332, 4, 'SI', '', 'N'),
(3, 333, 4, 'SI', '', 'N'),
(3, 334, 4, 'SI', '', 'N'),
(3, 335, 4, 'SI', '', 'N'),
(3, 336, 4, 'SI', '', 'N'),
(3, 337, 4, 'SI', '', 'N'),
(3, 338, 4, 'SI', '', 'N'),
(3, 339, 4, 'SI', '', 'N'),
(3, 340, 4, 'SI', '', 'N'),
(3, 341, 4, 'N', '', 'N'),
(3, 342, 4, 'NA', '', 'N'),
(3, 343, 4, 'NA', '', 'N'),
(3, 344, 4, 'NA', '', 'N'),
(3, 345, 4, 'NA', '', 'N'),
(3, 346, 4, 'NA', '', 'N'),
(3, 347, 4, 'NA', '', 'N'),
(3, 348, 4, 'NA', '', 'N'),
(3, 349, 4, 'NA', '', 'N'),
(3, 350, 4, 'NA', '', 'N'),
(3, 351, 4, 'N', '', 'N'),
(3, 352, 4, 'NA', '', 'N'),
(3, 353, 4, 'NA', '', 'N'),
(3, 354, 4, 'NA', '', 'N'),
(3, 355, 4, 'NA', '', 'N'),
(3, 356, 4, 'NA', '', 'N'),
(3, 357, 4, 'NA', '', 'N'),
(3, 358, 4, 'NA', '', 'N'),
(3, 359, 4, 'NA', '', 'N'),
(3, 360, 4, 'NA', '', 'N'),
(4, 1, 1, 'NIDIA', '', 'N'),
(4, 2, 1, 'ANDREA', '', 'N'),
(4, 3, 1, 'MARTINEZ', '', 'N'),
(4, 4, 1, 'gsggf', '', 'N'),
(4, 5, 1, 'F', '', 'N'),
(4, 6, 1, '2019-01-01', '', 'N'),
(4, 7, 1, 'UL', '', 'N'),
(4, 8, 1, 'PGC', '', 'N'),
(4, 9, 1, 'psicologa', '', 'N'),
(4, 10, 1, 'CM', '', 'N'),
(4, 11, 1, '2', '', 'N'),
(4, 12, 1, 'P', '', 'N'),
(4, 13, 1, '1', '', 'N'),
(4, 14, 1, 'CM', '', 'N'),
(4, 15, 1, 'MN', '', 'N'),
(4, 16, 1, 'recursos humanos', '', 'N'),
(4, 17, 1, 'P', '', 'N'),
(4, 18, 1, 'MN', '', 'N'),
(4, 19, 1, 'recursos humanos', '', 'N'),
(4, 20, 1, 'TI', '', 'N'),
(4, 21, 1, '8', '', 'N'),
(4, 22, 1, 'FI', '', 'N'),
(4, 23, 6, 'CS', '', 'N'),
(4, 24, 6, 'SI', '', 'N'),
(4, 25, 6, 'SI', '', 'N'),
(4, 26, 6, 'SI', '', 'N'),
(4, 27, 6, 'SI', '', 'N'),
(4, 28, 6, 'SI', '', 'N'),
(4, 29, 6, 'SI', '', 'N'),
(4, 30, 6, 'SI', '', 'N'),
(4, 31, 6, 'SI', '', 'N'),
(4, 32, 6, 'SI', '', 'N'),
(4, 33, 6, 'SI', '', 'N'),
(4, 34, 6, 'SI', '', 'N'),
(4, 35, 6, 'SI', '', 'N'),
(4, 36, 6, 'SI', '', 'N'),
(4, 37, 6, 'SI', '', 'N'),
(4, 38, 6, 'SI', '', 'N'),
(4, 39, 6, 'SI', '', 'N'),
(4, 40, 6, 'SI', '', 'N'),
(4, 41, 6, 'SI', '', 'N'),
(4, 42, 6, 'SI', '', 'N'),
(4, 43, 6, 'SI', '', 'N'),
(4, 44, 6, 'SI', '', 'N'),
(4, 45, 6, 'SI', '', 'N'),
(4, 46, 6, 'AV', '', 'N'),
(4, 47, 6, 'SI', '', 'N'),
(4, 48, 6, 'CS', '', 'N'),
(4, 49, 6, 'SI', '', 'N'),
(4, 50, 6, 'SI', '', 'N'),
(4, 51, 6, 'SI', '', 'N'),
(4, 52, 6, 'SI', '', 'N'),
(4, 53, 6, 'SI', '', 'N'),
(4, 54, 7, 'CS', '', 'N'),
(4, 55, 7, 'SI', '', 'N'),
(4, 56, 7, 'SI', '', 'N'),
(4, 57, 7, 'SI', '', 'N'),
(4, 58, 7, 'SI', '', 'N'),
(4, 59, 7, 'SI', '', 'N'),
(4, 60, 7, 'SI', '', 'N'),
(4, 61, 7, 'SI', '', 'N'),
(4, 62, 7, 'SI', '', 'N'),
(4, 63, 7, 'SI', '', 'N'),
(4, 64, 7, 'SI', '', 'N'),
(4, 65, 7, 'SI', '', 'N'),
(4, 66, 7, 'SI', '', 'N'),
(4, 67, 7, 'SI', '', 'N'),
(4, 68, 7, 'SI', '', 'N'),
(4, 69, 7, 'SI', '', 'N'),
(4, 70, 7, 'SI', '', 'N'),
(4, 71, 7, 'SI', '', 'N'),
(4, 72, 7, 'SI', '', 'N'),
(4, 73, 7, 'SI', '', 'N'),
(4, 74, 7, 'SI', '', 'N'),
(4, 75, 7, 'SI', '', 'N'),
(4, 76, 7, 'SI', '', 'N'),
(4, 77, 7, 'SI', '', 'N'),
(4, 78, 7, 'SI', '', 'N'),
(4, 79, 7, 'SI', '', 'N'),
(4, 80, 7, 'SI', '', 'N'),
(4, 81, 7, 'SI', '', 'N'),
(4, 82, 7, 'SI', '', 'N'),
(4, 83, 7, 'SI', '', 'N'),
(4, 84, 7, 'SI', '', 'N'),
(4, 556, 3, '', '', 'N'),
(4, 555, 3, '', '', 'N'),
(4, 554, 3, '', '', 'N'),
(4, 553, 3, '', '', 'N'),
(4, 552, 3, '', '', 'N'),
(4, 551, 3, '', '', 'N'),
(4, 550, 3, '', '', 'N'),
(4, 549, 3, '', '', 'N'),
(4, 548, 3, '', '', 'N'),
(4, 547, 3, '', '', 'N'),
(4, 546, 3, '', '', 'N'),
(4, 545, 3, '', '', 'N'),
(4, 544, 3, '', '', 'N'),
(4, 543, 3, '', '', 'N'),
(4, 542, 3, '', '', 'N'),
(4, 541, 3, '', '', 'N'),
(4, 540, 3, '', '', 'N'),
(4, 539, 3, '', '', 'N'),
(4, 538, 3, '', '', 'N'),
(4, 537, 3, '', '', 'N'),
(4, 536, 3, '', '', 'N'),
(4, 535, 3, '', '', 'N'),
(4, 534, 3, '', '', 'N'),
(4, 533, 3, '', '', 'N'),
(4, 532, 3, '', '', 'N'),
(4, 531, 3, '', '', 'N'),
(4, 530, 3, '', '', 'N'),
(4, 529, 3, '', '', 'N'),
(4, 528, 3, '', '', 'N'),
(4, 527, 3, '', '', 'N'),
(4, 526, 3, '', '', 'N'),
(4, 525, 3, '', '', 'N'),
(4, 524, 3, '', '', 'N'),
(4, 523, 3, '', '', 'N'),
(4, 522, 3, '', '', 'N'),
(4, 521, 3, '', '', 'N'),
(4, 520, 3, '', '', 'N'),
(4, 519, 3, '', '', 'N'),
(4, 518, 3, '', '', 'N'),
(4, 517, 3, '', '', 'N'),
(4, 516, 3, '', '', 'N'),
(4, 515, 3, '', '', 'N'),
(4, 514, 3, '', '', 'N'),
(4, 513, 3, '', '', 'N'),
(4, 512, 3, '', '', 'N'),
(4, 511, 3, '', '', 'N'),
(4, 510, 3, '', '', 'N'),
(4, 509, 3, '', '', 'N'),
(4, 508, 3, '', '', 'N'),
(4, 507, 3, '', '', 'N'),
(4, 506, 3, '', '', 'N'),
(4, 505, 3, '', '', 'N'),
(4, 504, 3, '', '', 'N'),
(4, 503, 3, '', '', 'N'),
(4, 502, 3, '', '', 'N'),
(4, 501, 3, '', '', 'N'),
(4, 500, 3, '', '', 'N'),
(4, 499, 3, '', '', 'N'),
(4, 498, 3, '', '', 'N'),
(4, 497, 3, '', '', 'N'),
(4, 496, 3, '', '', 'N'),
(4, 495, 3, '', '', 'N'),
(4, 494, 3, '', '', 'N'),
(4, 493, 3, '', '', 'N'),
(4, 492, 3, '', '', 'N'),
(4, 491, 3, '', '', 'N'),
(4, 490, 3, '', '', 'N'),
(4, 489, 3, '', '', 'N'),
(4, 488, 3, '', '', 'N'),
(4, 487, 3, '', '', 'N'),
(4, 486, 3, '', '', 'N'),
(4, 485, 3, '', '', 'N'),
(4, 484, 3, '', '', 'N'),
(4, 483, 3, '', '', 'N'),
(4, 482, 3, '', '', 'N'),
(4, 481, 3, '', '', 'N'),
(4, 480, 3, '', '', 'N'),
(4, 479, 3, '', '', 'N'),
(4, 478, 3, '', '', 'N'),
(4, 477, 3, '', '', 'N'),
(4, 476, 3, '', '', 'N'),
(4, 475, 3, '', '', 'N'),
(4, 474, 3, '', '', 'N'),
(4, 473, 3, '', '', 'N'),
(4, 472, 3, '', '', 'N'),
(4, 471, 3, '', '', 'N'),
(4, 470, 3, '', '', 'N'),
(4, 469, 3, '', '', 'N'),
(4, 468, 3, '', '', 'N'),
(4, 467, 3, '', '', 'N'),
(4, 466, 3, '', '', 'N'),
(4, 465, 3, '', '', 'N'),
(4, 464, 3, '', '', 'N'),
(4, 463, 3, '', '', 'N'),
(4, 462, 3, '', '', 'N'),
(4, 461, 3, '', '', 'N'),
(4, 460, 3, '', '', 'N');

-- --------------------------------------------------------

--
-- Estructura de tabla para la tabla `bateria_encabezado`
--

CREATE TABLE `bateria_encabezado` (
  `id` int(11) NOT NULL,
  `id_persona` int(11) NOT NULL,
  `fecha_registro` timestamp NOT NULL DEFAULT CURRENT_TIMESTAMP,
  `hora_inicio` time NOT NULL,
  `hora_fin` time NOT NULL
) ENGINE=MyISAM DEFAULT CHARSET=utf8 COLLATE=utf8_spanish_ci;

--
-- Volcado de datos para la tabla `bateria_encabezado`
--

INSERT INTO `bateria_encabezado` (`id`, `id_persona`, `fecha_registro`, `hora_inicio`, `hora_fin`) VALUES
(1, 2, '2019-02-27 16:25:28', '00:00:00', '00:00:00'),
(2, 3, '2019-02-27 21:55:02', '00:00:00', '00:00:00'),
(3, 4, '2019-02-27 22:22:11', '00:00:00', '00:00:00'),
(4, 12, '2019-03-01 02:00:28', '00:00:00', '00:00:00');

-- --------------------------------------------------------

--
-- Estructura de tabla para la tabla `codigos_referencia`
--

CREATE TABLE `codigos_referencia` (
  `id` int(11) NOT NULL,
  `tipo_referencia` varchar(100) COLLATE utf8_spanish_ci NOT NULL,
  `codigo` varchar(10) COLLATE utf8_spanish_ci NOT NULL,
  `descripcion` varchar(100) COLLATE utf8_spanish_ci NOT NULL
) ENGINE=MyISAM DEFAULT CHARSET=utf8 COLLATE=utf8_spanish_ci COMMENT='codigos de referencia';

--
-- Volcado de datos para la tabla `codigos_referencia`
--

INSERT INTO `codigos_referencia` (`id`, `tipo_referencia`, `codigo`, `descripcion`) VALUES
(1, 'sexo', 'M', 'Masculino'),
(2, 'sexo', 'F', 'Femenino'),
(3, 'estado_civil', 'SO', 'Soltero (a)'),
(4, 'estado_civil', 'CA', 'Casado (a)'),
(5, 'estado_civil', 'UL', 'Uni'),
(6, 'estado_civil', 'SE', 'Separado (a)'),
(7, 'estado_civil', 'DI', 'Divorciado (a)'),
(8, 'estado_civil', 'VI', 'Viudo (a)'),
(9, 'estado_civil', 'SA', 'Sacerdote / Monja'),
(10, 'nivel_estudios', 'NI', 'Ninguno'),
(11, 'nivel_estudios', 'PI', 'Primaria incompleta'),
(12, 'nivel_estudios', 'PC', 'Primaria completa'),
(13, 'nivel_estudios', 'BI', 'Bachillerato in completo'),
(14, 'nivel_estudios', 'BC', 'Bachillerato completo'),
(15, 'nivel_estudios', 'TI', 'T'),
(16, 'nivel_estudios', 'TC', 'T'),
(17, 'nivel_estudios', 'PI', 'Profesional incompleto'),
(18, 'nivel_estudios', 'PC', 'Profesional completo'),
(19, 'nivel_estudios', 'CM', 'Carrera militar / polic'),
(20, 'nivel_estudios', 'PGI', 'Post-grado incompleto'),
(21, 'nivel_estudios', 'PGC', 'Post-grado completo'),
(22, 'lugar_residencia', 'CM', 'Ciudad / municipio'),
(23, 'lugar_residencia', 'DT', 'Departamento'),
(24, 'estrato', '1', '1'),
(25, 'estrato', '2', '2'),
(26, 'estrato', '3', '3'),
(27, 'estrato', '4', '4'),
(28, 'estrato', '5', '5'),
(29, 'estrato', '6', '6'),
(30, 'estrato', 'F', 'Finca'),
(31, 'estrato', 'N', 'No s'),
(32, 'tipo_vivienda', 'P', 'Propia'),
(33, 'tipo_vivienda', 'A', 'En arriendo'),
(34, 'tipo_vivienda', 'F', 'Familiar'),
(35, 'lugar_trabajo', 'CM', 'Ciudad / municipio'),
(36, 'lugar_trabajo', 'DT', 'Departamento'),
(37, 'tiempo_trabajo', 'ME1', 'Si lleva menos de un a'),
(38, 'tiempo_trabajo', 'MA1', 'Si lleva m'),
(39, 'tipo_cargo', 'J', 'Jefatura - ti ene personal a cargo'),
(40, 'tipo_cargo', 'P', 'Profesional, analista, t'),
(41, 'tipo_cargo', 'A', 'Auxiliar, asistente administrativo, asistente t'),
(42, 'tipo_cargo', 'O', 'Operario, operador, ayudante, servicios generales'),
(43, 'tipo_contrato', 'TME1', 'Temporal de menos de 1 a'),
(44, 'tipo_contrato', 'TMA1', 'Temporal de 1 a'),
(45, 'tipo_contrato', 'TI', 'T'),
(46, 'tipo_contrato', 'CO', 'Cooperado (cooperativa)'),
(47, 'tipo_contrato', 'PS', 'Prestaci'),
(48, 'tipo_contrato', 'NS', 'No s'),
(49, 'tipo_salario', 'FI', 'Fijo (diario, semanal, quincenal o mensual)'),
(50, 'tipo_salario', 'FV', 'Una parte fija y otra variable'),
(51, 'tipo_salario', 'TV', 'Todo variable (a destajo, por producci'),
(52, 'ocasion', 'SI', 'Siempre'),
(53, 'ocasion', 'CS', 'Casi Siempre'),
(54, 'ocasion', 'AV', 'Algunas Veces'),
(55, 'ocasion', 'CN', 'Casi Nunca'),
(56, 'ocasion', 'NU', 'Nunca'),
(57, 'afirmacion', 'S', 'SI'),
(58, 'afirmacion', 'N', 'No'),
(59, 'lugar_residencia', 'CM', 'Ciudad / municipio'),
(60, 'lugar_residencia', 'DT', 'Departamento'),
(61, 'texto_libre', 'TL', 'Texto Libre'),
(62, 'numero', 'NUMERO', 'Texto Num'),
(63, 'fecha', 'DATE', 'Fecha MM/DD/AAAA'),
(64, 'tipo_documento', 'CC', 'Cedula Ciudadan'),
(65, 'tipo_documento', 'CE', 'Cedula Extranjer'),
(66, 'tipo_documento', 'TI', 'Tarjeta Identidad'),
(67, 'tipo_documento', 'PA', 'Pasaporte'),
(68, 'tiempo_libre', 'OT', 'Otro trabajo'),
(69, 'tiempo_libre', 'LB', 'Labores dom'),
(70, 'tiempo_libre', 'RC', 'Recreaci'),
(71, 'tiempo_libre', 'ES', 'Estudio'),
(72, 'tiempo_libre', 'NG', 'Ninguno'),
(73, 'frecuencia', 'SM', 'Semanal'),
(74, 'frecuencia', 'QN', 'Quincenal'),
(75, 'frecuencia', 'MS', 'Mensual'),
(76, 'frecuencia', 'OC', 'Ocasional'),
(77, 'actividad_salud', 'VC', 'Vacunaci'),
(78, 'actividad_salud', 'SO', 'Salud oral'),
(79, 'actividad_salud', 'EL', 'Ex'),
(80, 'actividad_salud', 'EM', 'Ex'),
(81, 'actividad_salud', 'NG', 'Ninguna'),
(82, 'temporal', 'M1', 'Si lleva menos de un a'),
(83, 'temporal', 'MN', 'Si lleva m'),
(84, 'afirmacion_compuesta', 'S', 'SI'),
(85, 'afirmacion_compuesta', 'N', 'NO'),
(86, 'ocasion_compuesto', 'SI', 'Siempre'),
(87, 'ocasion_compuesto', 'CS', 'Casi Siempre'),
(88, 'ocasion_compuesto', 'AV', 'Algunas Veces'),
(89, 'ocasion_compuesto', 'CN', 'Casi Nunca'),
(90, 'ocasion_compuesto', 'NU', 'Nunca'),
(91, 'ocasion_compuesto', 'NA', 'No Aplica');

-- --------------------------------------------------------

--
-- Estructura de tabla para la tabla `empresas`
--

CREATE TABLE `empresas` (
  `id` int(11) NOT NULL,
  `razon_social` varchar(200) COLLATE utf8_spanish_ci NOT NULL,
  `nit` bigint(20) NOT NULL,
  `arl` varchar(200) COLLATE utf8_spanish_ci NOT NULL,
  `actividad_economica` varchar(200) COLLATE utf8_spanish_ci NOT NULL,
  `tipo_riesgo` enum('I','II','III','IV') CHARACTER SET utf8 COLLATE utf8_unicode_ci NOT NULL,
  `numero_funcionarios_ap` int(11) NOT NULL,
  `responsable_sgsst` int(11) NOT NULL,
  `departamento` varchar(100) COLLATE utf8_spanish_ci NOT NULL,
  `municipio` varchar(100) CHARACTER SET utf8 COLLATE utf8_unicode_ci NOT NULL
) ENGINE=MyISAM DEFAULT CHARSET=utf8 COLLATE=utf8_spanish_ci;

--
-- Volcado de datos para la tabla `empresas`
--

INSERT INTO `empresas` (`id`, `razon_social`, `nit`, `arl`, `actividad_economica`, `tipo_riesgo`, `numero_funcionarios_ap`, `responsable_sgsst`, `departamento`, `municipio`) VALUES
(1, 'HEMEVA SAS', 860067546, 'SURA', 'Comercio al por menor de artículos de ferretería, actividades conexas de consultoría', 'II', 9, 1032439687, 'BOGOTA', 'BOGOTA'),
(3, 'Hechizoo Colombia limitada ', 830098146, 'Seguros Bolivar', 'Diseño y fabricación de textiles', 'III', 60, 53016161, '', ''),
(4, 'GMA CONSTRUCCIONES LTDA', 900212478, 'POSITIVA', '4330', 'IV', 6, 0, '', ''),
(5, 'ZH INGENIEROS SAS', 9002103981, 'COLMENA ', 'Mantenimiento, reparación, limpieza y aplicación de recubrimientos a tanques de almacenamiento, tuberías y estructuras, en servicio o fuera de operación.', 'IV', 95, 0, '', '');

-- --------------------------------------------------------

--
-- Estructura de tabla para la tabla `formularios`
--

CREATE TABLE `formularios` (
  `id` int(11) NOT NULL,
  `nombre_formulario` varchar(200) COLLATE utf8_spanish_ci NOT NULL,
  `orden_formulario` int(11) NOT NULL
) ENGINE=MyISAM DEFAULT CHARSET=utf8 COLLATE=utf8_spanish_ci;

--
-- Volcado de datos para la tabla `formularios`
--

INSERT INTO `formularios` (`id`, `nombre_formulario`, `orden_formulario`) VALUES
(1, 'FICHA DE DATOS GENERALES', 1),
(4, 'CUESTIONARIO DE FACTORES DE RIESGO PSICOSOCIAL INTRALABORAL FORMA A', 4),
(3, 'CUESTIONARIO DE FACTORES DE RIESGO PSICOSOCIAL INTRALABORAL FORMA B', 4),
(6, 'CUESTIONARIO DE FACTORES PSICOSOCIALES EXTRALABORALES', 2),
(7, 'CUESTIONARIO PARA LA EVALUACIÓN DEL ESTRÉS TERCERA VERSIÓN', 3);

-- --------------------------------------------------------

--
-- Estructura de tabla para la tabla `personas`
--

CREATE TABLE `personas` (
  `id` int(11) NOT NULL,
  `nombre1` varchar(100) COLLATE utf8_spanish_ci NOT NULL,
  `nombre2` varchar(100) COLLATE utf8_spanish_ci NOT NULL,
  `apellido1` varchar(100) COLLATE utf8_spanish_ci NOT NULL,
  `tipo_documento` varchar(100) COLLATE utf8_spanish_ci NOT NULL,
  `numero_documento` bigint(20) NOT NULL,
  `mail` varchar(300) COLLATE utf8_spanish_ci NOT NULL,
  `fecha_exp_documento` date NOT NULL,
  `fecha_nacimiento` date NOT NULL,
  `direccion_residencia` varchar(500) COLLATE utf8_spanish_ci NOT NULL,
  `telefono_celular` bigint(20) NOT NULL,
  `telefono_fijo` int(11) NOT NULL,
  `apellido2` varchar(100) COLLATE utf8_spanish_ci NOT NULL,
  `codigo_empresa` int(11) NOT NULL,
  `tipo_formulario` enum('','A','B') COLLATE utf8_spanish_ci DEFAULT NULL
) ENGINE=MyISAM DEFAULT CHARSET=utf8 COLLATE=utf8_spanish_ci;

--
-- Volcado de datos para la tabla `personas`
--

INSERT INTO `personas` (`id`, `nombre1`, `nombre2`, `apellido1`, `tipo_documento`, `numero_documento`, `mail`, `fecha_exp_documento`, `fecha_nacimiento`, `direccion_residencia`, `telefono_celular`, `telefono_fijo`, `apellido2`, `codigo_empresa`, `tipo_formulario`) VALUES
(1, 'HECTOR', 'ORLANDO', 'PIRACHICAN', 'CC', 80099747, '', '2001-09-06', '1983-09-05', 'CALLE 123', 3007231819, 0, 'CARDOZO', 860067546, 'A'),
(2, 'DANIEL', 'HUMBERTO', 'MEDINA', 'CC', 79576331, '', '1990-09-28', '1972-05-02', 'Carrera 20 # 187-40', 3208351083, 7576635, 'CASTELLANOS', 860067546, 'A'),
(3, 'HENRY', 'HUMBERTO', 'MEDINA', 'CC', 6750942, '', '1971-08-12', '1950-06-19', 'calle 6  5-09', 3108033637, 0, 'VACA', 860067546, 'A'),
(4, 'LUCILA', 'ESTHER', 'CASTELLANOS', 'CC', 23270586, '', '1972-06-21', '1951-01-22', 'calle 6 5-09', 3103215734, 3004151, 'DE MEDINA', 860067546, 'A'),
(5, 'CLARA', 'ISABEL', 'QUINTERO', 'CC', 24138126, '', '1979-03-16', '1957-12-15', '', 0, 0, 'QUINTERO', 860067546, 'A'),
(6, 'CLAUDIA', 'JULIETH', 'MEDINA', 'CC', 1032439687, '', '1990-09-25', '2008-10-30', '', 0, 0, 'CASTELBLANCO', 860067546, 'A'),
(7, 'OMAR ', 'ALDEMAR', 'MART', 'CC', 80491103, '', '1971-09-12', '1991-06-04', '', 0, 0, 'VELANDIA', 860067546, 'B'),
(8, 'FABIO ', 'ALBERTO', 'VARGAS', 'CC', 74363372, '', '2004-05-07', '1985-08-19', '', 0, 0, 'NI', 860067546, 'B'),
(9, 'JAVIER', 'OSWALDO', 'BARRERA', 'CC', 7220818, '', '1983-05-10', '1964-12-17', '', 0, 0, 'SASTOQUE', 860067546, 'B'),
(11, 'CLAUDIA', '', 'MEDINA', 'CC', 1032439687, '', '0000-00-00', '0000-00-00', 'Cra 66 a #12-65', 3004151, 0, '', 860067546, ''),
(12, 'NIDIA', 'ANDREA', 'MARTINEZ', 'CC', 53016161, 'andreapcw@yahoo.es', '2019-01-01', '0000-00-00', 'Calle 131c #88b-24, Casa 90', 3114728032, 0, '', 830098146, 'B'),
(13, 'OSCAR', 'FERNANDO', 'MARTINEZ', 'CC', 80067683, 'oscar.masmela@gmail.com', '2019-01-01', '1976-08-23', '', 0, 0, '', 830098146, 'A');

-- --------------------------------------------------------

--
-- Estructura de tabla para la tabla `preguntas`
--

CREATE TABLE `preguntas` (
  `id` int(11) NOT NULL,
  `orden` int(11) NOT NULL,
  `descripcion` varchar(500) COLLATE utf8_spanish_ci NOT NULL,
  `tipo_referencia` varchar(100) CHARACTER SET latin1 NOT NULL,
  `id_formulario` int(11) NOT NULL
) ENGINE=MyISAM DEFAULT CHARSET=utf8 COLLATE=utf8_spanish_ci;

--
-- Volcado de datos para la tabla `preguntas`
--

INSERT INTO `preguntas` (`id`, `orden`, `descripcion`, `tipo_referencia`, `id_formulario`) VALUES
(1, 1, 'Nombre 1', 'texto_libre', 1),
(2, 2, 'Nombre 2', 'texto_libre', 1),
(3, 3, 'Apellido 1', 'texto_libre', 1),
(4, 4, 'Apellido 2', 'texto_libre', 1),
(5, 5, 'Sexo', 'sexo', 1),
(6, 6, 'Fecha de nacimiento', 'fecha', 1),
(7, 7, 'Estado civil', 'estado_civil', 1),
(8, 8, 'Último nivel de estudios que alcanzó (marque una sola opción)', 'nivel_estudios', 1),
(9, 9, '¿Cuál es su ocupación o profesión?', 'texto_libre', 1),
(10, 10, 'Lugar de residencia actual', 'lugar_residencia', 1),
(11, 11, 'Seleccione y marque el estrato de los servicios públicos de su vivienda', 'estrato', 1),
(12, 12, 'Tipo de vivienda', 'tipo_vivienda', 1),
(13, 13, 'Número de personas que dependen económicamente de usted (aunque vivan en otro lugar)', 'numero', 1),
(14, 14, 'Lugar donde trabaja actualmente', 'lugar_trabajo', 1),
(15, 15, '¿ Hace cuántos años que trabaja en esta empresa?', 'temporal', 1),
(16, 16, '¿ Cuál es el nombre del cargo que ocupa en la empr esa ?', 'texto_libre', 1),
(17, 17, 'Seleccione el tipo de cargo que más se parece al que usted desempeña y señalelo en el cuadro correspondiente de la derecha. Si tiene dudas pida apoyo a la persona que le entregó este cuestionario', 'tipo_cargo', 1),
(18, 18, '¿Hace cuántos años que desempeña el cargo u oficio actual en esta empresa?', 'temporal', 1),
(19, 19, 'Escriba el nombre del departamento, área o sección de la empresa en el que trabaja', 'texto_libre', 1),
(20, 20, 'Seleccione el tipo de contrato que tiene actualmente (marque una sola opción)', 'tipo_contrato', 1),
(21, 21, 'Indique cuántas horas diarias de trabajo están establecidas habitualmente por la empresa para su cargo', 'numero', 1),
(22, 22, 'Seleccione y marque el tipo de salario que recibe (marq ue un a sola opción )', 'tipo_salario', 1),
(23, 1, 'Es fácil trasportarme entre mi casa y el trabajo', 'ocasion', 6),
(24, 2, 'Tengo que tomar varios medios de transporte para llegar a mi lugar de trabajo', 'ocasion', 6),
(25, 3, 'Paso mucho tiempo viajando de ida y regreso al trabajo', 'ocasion', 6),
(26, 4, 'Me trasporto cómodamente entre mi casa y el trabajo', 'ocasion', 6),
(27, 5, 'La zona donde vivo es segura', 'ocasion', 6),
(28, 6, 'En la zona donde vivo se presentan hurtos y mucha delincuencia', 'ocasion', 6),
(29, 7, 'Desde donde vivo me es fácil llegar al centro médico donde me atienden', 'ocasion', 6),
(30, 8, 'Cerca a mi vivienda las vías están en buenas condiciones', 'ocasion', 6),
(31, 9, 'Cerca a mi vivienda encuentro fácilmente transporte', 'ocasion', 6),
(32, 10, 'Las condiciones de mi vivienda son buenas', 'ocasion', 6),
(33, 11, 'En mi vivienda hay servicios de agua y luz', 'ocasion', 6),
(34, 12, 'Las condiciones de mi vivienda me permiten descansar cuando lo requiero', 'ocasion', 6),
(35, 13, 'Las condiciones de mi vivienda me permiten sentirme cómodo', 'ocasion', 6),
(36, 14, 'Me queda tiempo para actividades de recreación', 'ocasion', 6),
(37, 15, 'Fuera del trabajo tengo tiempo suficiente para descansar', 'ocasion', 6),
(38, 16, 'Tengo tiempo para atender mis asuntos personales y del hogar', 'ocasion', 6),
(39, 17, 'Tengo tiempo para compartir con mi familia o amigos', 'ocasion', 6),
(40, 18, 'Tengo buena comunicación con las personas cercanas', 'ocasion', 6),
(41, 19, 'Las relaciones con mis amigos son buenas', 'ocasion', 6),
(42, 20, 'Converso con personas cercanas sobre diferentes temas', 'ocasion', 6),
(43, 21, 'Mis amigos están dispuestos a escucharme cuando tengo problemas', 'ocasion', 6),
(44, 22, 'Cuento con el apoyo de mi familia cuando tengo problemas', 'ocasion', 6),
(45, 23, 'Puedo hablar con personas cercanas sobre las cosas que me pasan', 'ocasion', 6),
(46, 24, 'Mis problemas personales o familiares afectan mi trabajo', 'ocasion', 6),
(47, 25, 'La relación con mi familia cercana es cordial', 'ocasion', 6),
(48, 26, 'Mis problemas personales o familiares me quitan la energía que necesito para trabajar', 'ocasion', 6),
(49, 27, 'Los problemas con mis familiares los resolvemos de manera amistosa', 'ocasion', 6),
(50, 28, 'Mis problemas personales o familiares afectan mis relaciones en el trabajo ', 'ocasion', 6),
(51, 29, 'El dinero que ganamos en el hogar alcanza para cubrir los gastos básicos', 'ocasion', 6),
(52, 30, 'Tengo otros compromisos económicos que afectan mucho el presupuesto familiar', 'ocasion', 6),
(53, 31, 'En mi hogar tenemos deudas difíciles de pagar', 'ocasion', 6),
(54, 1, 'Dolores en el cuello y espalda o tensión muscular', 'ocasion', 7),
(55, 2, 'Problemas gastrointestinales, úlcera péptica, acidez, problemas digestivos o del colon.', 'ocasion', 7),
(56, 3, 'Problemas respiratorios', 'ocasion', 7),
(57, 4, 'Dolor de cabeza.', 'ocasion', 7),
(58, 5, 'Trastornos del sueño como somnolencia durante el día o desvelo en la noche.', 'ocasion', 7),
(59, 6, 'Palpitaciones en el pecho o problemas cardíacos.', 'ocasion', 7),
(60, 7, 'Cambios fuertes del apetito', 'ocasion', 7),
(61, 8, 'Problemas relacionados con la función de los órganos genitales (impotencia, frigidez).', 'ocasion', 7),
(62, 9, 'Dificultad en las relaciones familiares.', 'ocasion', 7),
(63, 10, 'Dificultad para permanecer quieto o dificultad para iniciar actividades.', 'ocasion', 7),
(64, 11, 'Dificultad en las relaciones con otras personas .', 'ocasion', 7),
(65, 12, 'Sensación de aislamiento y desinterés.', 'ocasion', 7),
(66, 13, 'Sentimiento de sobrecarga de trabajo.', 'ocasion', 7),
(67, 14, 'Dificultad para concentrarse, olvidos frecuentes.', 'ocasion', 7),
(68, 15, 'Aumento en el número de accidentes de trabajo .', 'ocasion', 7),
(69, 16, 'Sentimiento de frustración, de no haber hecho lo que se quería en la vida.', 'ocasion', 7),
(70, 17, 'Cansancio, tedio o desgano.', 'ocasion', 7),
(71, 18, 'Disminución del rendimiento en el trabajo o poca creatividad.', 'ocasion', 7),
(72, 19, 'Deseo de no asistir al trabajo.', 'ocasion', 7),
(73, 20, 'Bajo compromiso o poco interés con lo que se hace.', 'ocasion', 7),
(74, 21, 'Dificultad para tomar decisiones.', 'ocasion', 7),
(75, 22, 'Deseo de cambiar de empleo.', 'ocasion', 7),
(76, 23, 'Sentimiento de soledad y miedo.', 'ocasion', 7),
(77, 24, 'Sentimiento de irritabilidad, actitudes y pensamientos negativos.', 'ocasion', 7),
(78, 25, 'Sentimiento de angustia, preocupación o tristeza.', 'ocasion', 7),
(79, 26, 'Consumo de drogas para aliviar la tensión o los nervios.', 'ocasion', 7),
(80, 27, 'Sentimientos de que \"no vale nada\", o \" no sirve para nada\".', 'ocasion', 7),
(81, 28, 'Consumo de bebidas alcohólicas o café o cigarrillo.', 'ocasion', 7),
(82, 29, 'Sentimiento de que está perdiendo la razón.', 'ocasion', 7),
(83, 30, 'Comportamientos rígidos, obstinación o terquedad.', 'ocasion', 7),
(84, 31, 'Sensación de no poder manejar los problemas de la vida.', 'ocasion', 7),
(329, 94, 'Me informan a tiempo sobre lo que debo mejorar en el trabajo', 'ocasion', 4),
(328, 93, 'La forma como evalúan mi trabajo en la empresa me ayuda a mejorar', 'ocasion', 4),
(327, 92, 'La información que recibo sobre mi rendimiento en el trabajo es clara', 'ocasion', 4),
(326, 91, 'Me informan sobre lo que debo mejorar en mi trabajo', 'ocasion', 4),
(325, 90, 'Me informan sobre lo que hago bien en mi trabajo', 'ocasion', 4),
(324, 89, 'Algunos compañeros de trabajo me escuchan cuando tengo problemas', 'ocasion', 4),
(323, 88, 'En mi trabajo las personas nos apoyamos unos a otros', 'ocasion', 4),
(322, 87, 'Mis compañeros de trabajo me ayudan cuando tengo dificultades', 'ocasion', 4),
(321, 86, 'Es fácil poner de acuerdo al grupo para hacer el trabajo', 'ocasion', 4),
(320, 85, 'Cuando tenemos que realizar trabajo de grupo los compañeros colaboran', 'ocasion', 4),
(319, 84, 'Las personas en mi trabajo me hacen sentir parte del grupo', 'ocasion', 4),
(318, 83, 'Mi grupo de trabajo es muy unido', 'ocasion', 4),
(317, 82, 'Hay integración en mi grupo de trabajo', 'ocasion', 4),
(316, 81, 'Entre compañeros solucionamos los problemas de forma respetuosa', 'ocasion', 4),
(315, 80, 'En mi grupo de trabajo algunas personas me maltratan', 'ocasion', 4),
(314, 79, 'Me siento a gusto con mis compañeros de trabajo', 'ocasion', 4),
(313, 78, 'Siento que puedo confiar en mis compañeros de trabajo', 'ocasion', 4),
(312, 77, 'En mi grupo de trabajo me tratan de forma respetuosa', 'ocasion', 4),
(311, 76, 'Me agrada el ambiente de mi grupo de trabajo', 'ocasion', 4),
(310, 75, 'Mi jefe me brinda su apoyo cuando lo necesito', 'ocasion', 4),
(309, 74, 'Mi jefe me escucha cuando tengo problemas de trabajo', 'ocasion', 4),
(308, 73, 'Siento que puedo confiar en mi jefe', 'ocasion', 4),
(307, 72, 'Mi jefe ayuda a solucionar los problemas que se presentan en el trabajo', 'ocasion', 4),
(306, 71, 'Mi jefe me ayuda a sentirme bien en el trabajo', 'ocasion', 4),
(305, 70, 'Mi jefe me ayuda a progresar en el trabajo', 'ocasion', 4),
(304, 69, 'La orientación que me da mi jefe me ayuda a hacer mejor el trabajo', 'ocasion', 4),
(303, 68, 'Mi jefe me comunica a tiempo la información relacionada con el trabajo', 'ocasion', 4),
(302, 67, 'Mi jefe distribuye las tareas de forma que me facilita el trabajo', 'ocasion', 4),
(301, 66, 'Mi jefe me anima para hacer mejor mi trabajo', 'ocasion', 4),
(300, 65, 'Mi jefe tiene en cuenta mis puntos de vista y opiniones', 'ocasion', 4),
(299, 64, 'Mi jefe ayuda a organizar mejor el trabajo', 'ocasion', 4),
(298, 63, 'Mi jefe me da instrucciones claras', 'ocasion', 4),
(297, 62, 'Recibo capacitación que me ayuda a hacer mejor mi trabajo', 'ocasion', 4),
(296, 61, 'Recibo capacitación útil para hacer mi trabajo', 'ocasion', 4),
(295, 60, 'La empresa me permite asistir a capacitaciones relacionadas con mi trabajo', 'ocasion', 4),
(294, 59, 'Me informan claramente con quien puedo resolver los asuntos de trabajo', 'ocasion', 4),
(293, 58, 'Me informan claramente quien me puede orientar para hacer mi trabajo', 'ocasion', 4),
(292, 57, 'Me explican claramente los objetivos de mi trabajo', 'ocasion', 4),
(291, 56, 'Me explican claramente el efecto de mi trabajo en la empresa', 'ocasion', 4),
(290, 55, 'Me explican claramente los resultados que debo lograr en mi trabajo', 'ocasion', 4),
(289, 54, 'Me informan cuáles son las decisiones que puedo tomar en mi trabajo', 'ocasion', 4),
(288, 53, 'Me informan con claridad cuáles son mis funciones', 'ocasion', 4),
(287, 52, 'Los cambios que se presentan en mi trabajo dificultan mi labor', 'ocasion', 4),
(286, 51, 'Cuando se presentan cambios en mi trabajo se tienen en cuenta mis ideas y sugerencias', 'ocasion', 4),
(285, 50, 'Puedo dar sugerencias sobre los cambios que ocurren en mi trabajo', 'ocasion', 4),
(284, 49, 'Me explican claramente los cambios que ocurren en mi trabajo', 'ocasion', 4),
(283, 48, 'Los cambios en mi trabajo han sido beneficiosos', 'ocasion', 4),
(282, 47, 'Puedo parar un momento mi trabajo para atender algún asunto personal', 'ocasion', 4),
(281, 46, 'Puedo cambiar el orden de las actividades en mi trabajo', 'ocasion', 4),
(280, 45, 'Puedo decidir la velocidad a la que trabajo', 'ocasion', 4),
(279, 44, 'Puedo decidir cuánto trabajo hago en el día', 'ocasion', 4),
(278, 43, 'Puedo tomar pausas cuando las necesito', 'ocasion', 4),
(277, 42, 'Me asignan el trabajo teniendo en cuenta mis capacidades.', 'ocasion', 4),
(276, 41, 'Mi trabajo me permite aprender nuevas cosas', 'ocasion', 4),
(275, 40, 'Mi trabajo me permite aplicar mis conocimientos', 'ocasion', 4),
(274, 39, 'Mi trabajo me permite desarrollar mis habilidades', 'ocasion', 4),
(273, 38, 'Por mi trabajo el tiempo que paso con mi familia y amigos es muy poco', 'ocasion', 4),
(272, 37, 'Debo atender asuntos de trabajo cuando estoy en casa', 'ocasion', 4),
(271, 36, 'Discuto con mi familia o amigos por causa de mi trabajo', 'ocasion', 4),
(270, 35, 'Cuando estoy en casa sigo pensando en el trabajo', 'ocasion', 4),
(269, 34, 'En mi trabajo puedo tomar fines de semana o días de descanso al mes', 'ocasion', 4),
(268, 33, 'Mi trabajo me exige laborar en días de descanso, festivos o fines de semana', 'ocasion', 4),
(267, 32, 'En mi trabajo es posible tomar pausas para descansar', 'ocasion', 4),
(266, 31, 'Trabajo en horario de noche', 'ocasion', 4),
(265, 30, 'En mi trabajo tengo que hacer cosas que se podrían hacer de una forma más práctica', 'ocasion', 4),
(264, 29, 'En mi trabajo se presentan situaciones en las que debo pasar por alto normas o procedimientos', 'ocasion', 4),
(263, 28, 'En mi trabajo me piden hacer cosas innecesarias', 'ocasion', 4),
(262, 27, 'En el trabajo me dan órdenes contradictorias', 'ocasion', 4),
(261, 26, 'Mi trabajo me exige cuidar la salud de otras personas', 'ocasion', 4),
(260, 25, 'Respondo ante mi jefe por los resultados de toda mi área de trabajo', 'ocasion', 4),
(259, 24, 'Como parte de mis funciones debo responder por la seguridad de otros', 'ocasion', 4),
(258, 23, 'En mi trabajo respondo por dinero de la empresa', 'ocasion', 4),
(257, 22, 'En mi trabajo respondo por cosas de mucho valor', 'ocasion', 4),
(256, 21, 'Mi trabajo requiere que me fije en pequeños detalles', 'ocasion', 4),
(255, 20, 'Mi trabajo me exige atender a muchos asuntos al mismo tiempo', 'ocasion', 4),
(254, 19, 'En mi trabajo tengo que tomar decisiones difíciles muy rápido', 'ocasion', 4),
(253, 18, 'Mi trabajo me exige memorizar mucha información', 'ocasion', 4),
(252, 17, 'Mi trabajo me exige estar muy concentrado', 'ocasion', 4),
(251, 16, 'Mi trabajo me exige hacer mucho esfuerzo mental', 'ocasion', 4),
(250, 15, 'Por la cantidad de trabajo que tengo debo trabajar sin parar', 'ocasion', 4),
(249, 14, 'Me alcanza el tiempo de trabajo para tener al día mis deberes', 'ocasion', 4),
(248, 13, 'Por la cantidad de trabajo que tengo debo quedarme tiempo adicional', 'ocasion', 4),
(247, 12, 'El lugar donde trabajo es limpio y ordenado', 'ocasion', 4),
(246, 11, 'Me preocupa accidentarme en mi trabajo', 'ocasion', 4),
(245, 10, 'En mi trabajo me preocupa estar expuesto a microbios, animales o plantas que afecten mi salud', 'ocasion', 4),
(244, 9, 'Los equipos o herramientas con los que trabajo son cómodos', 'ocasion', 4),
(243, 8, 'Mi trabajo me exige hacer mucho esfuerzo físico', 'ocasion', 4),
(242, 7, 'En mi trabajo me preocupa estar expuesto a sustancias químicas que afecten mi salud', 'ocasion', 4),
(241, 6, 'El espacio donde trabajo es cómodo', 'ocasion', 4),
(240, 5, 'La luz del sitio donde trabajo es agradable', 'ocasion', 4),
(239, 4, 'El aire en el lugar donde trabajo es fresco y agradable', 'ocasion', 4),
(236, 1, 'El ruido en el lugar donde trabajo es molesto', 'ocasion', 4),
(237, 2, 'En el lugar donde trabajo hace mucho frío', 'ocasion', 4),
(238, 3, 'En el lugar donde trabajo hace mucho calor', 'ocasion', 4),
(342, 107, 'Atiendo clientes o usuarios muy enojados', 'ocasion_compuesto', 4),
(341, 106, 'En mi trabajo debo brindar servicio a clientes o usuarios? Si su respuesta es negavita las preguntas 106 a 115 debe seleccionar NO Aplica', 'afirmacion_compuesta', 4),
(340, 105, 'Hablo bien de la empresa con otras personas', 'ocasion', 4),
(339, 104, 'Siento orgullo de trabajar en esta empresa', 'ocasion', 4),
(338, 103, 'El trabajo que hago me hace sentir bien', 'ocasion', 4),
(337, 102, 'Mi trabajo en la empresa es estable', 'ocasion', 4),
(336, 101, 'La empresa se preocupa por el bienestar de los trabajadores', 'ocasion', 4),
(335, 100, 'Las personas que hacen bien el trabajo pueden progresar en la empresa', 'ocasion', 4),
(334, 99, 'En mi trabajo tengo posibilidades de progresar', 'ocasion', 4),
(333, 98, 'El pago que recibo es el que merezco por el trabajo que realizo', 'ocasion', 4),
(332, 97, 'El pago que recibo es el que me ofreció la empresa', 'ocasion', 4),
(331, 96, 'En la empresa me pagan a tiempo mi salario', 'ocasion', 4),
(330, 95, 'En la empresa confían en mi trabajo', 'ocasion', 4),
(343, 108, 'Atiendo clientes o usuarios muy preocupados', 'ocasion_compuesto', 4),
(344, 109, 'Atiendo clientes o usuarios muy tristes', 'ocasion_compuesto', 4),
(345, 110, 'Mi trabajo me exige atender personas muy enfermas', 'ocasion_compuesto', 4),
(346, 111, 'Mi trabajo me exige atender personas muy necesitadas de ayuda', 'ocasion_compuesto', 4),
(347, 112, 'Atiendo clientes o usuarios que me maltratan', 'ocasion_compuesto', 4),
(348, 113, 'Para hacer mi trabajo debo demostrar sentimientos distintos a los míos', 'ocasion_compuesto', 4),
(349, 114, 'Mi trabajo me exige atender situaciones de violencia', 'ocasion_compuesto', 4),
(350, 115, 'Mi trabajo me exige atender situaciones muy tristes o dolorosas', 'ocasion_compuesto', 4),
(351, 116, 'Soy jefe de otras personas en mi trabajo? Si su respuesta es negavita las preguntas 117 a 125 debe seleccionar NO Aplica', 'afirmacion_compuesta', 4),
(352, 117, 'Tengo colaboradores que comunican tarde los asuntos de trabajo', 'ocasion_compuesto', 4),
(353, 118, 'Tengo colaboradores que tienen comportamientos irrespetuosos', 'ocasion_compuesto', 4),
(354, 119, 'Tengo colaboradores que dificultan la organización del trabajo', 'ocasion_compuesto', 4),
(355, 120, 'Tengo colaboradores que guardan silencio cuando les piden opiniones', 'ocasion_compuesto', 4),
(356, 121, 'Tengo colaboradores que dificultan el logro de los resultados del trabajo', 'ocasion_compuesto', 4),
(357, 122, 'Tengo colaboradores que expresan de forma irrespetuosa sus desacuerdos', 'ocasion_compuesto', 4),
(358, 123, 'Tengo colaboradores que cooperan poco cuando se necesita', 'ocasion_compuesto', 4),
(359, 124, 'Tengo colaboradores que me preocupan por su desempeño', 'ocasion_compuesto', 4),
(360, 125, 'Tengo colaboradores que ignoran las sugerencias para mejorar su trabajo', 'ocasion_compuesto', 4),
(535, 76, 'La información que recibo sobre mi rendimiento en el trabajo es clara', 'ocasion', 3),
(534, 75, 'Me informan sobre lo que debo mejorar en mi trabajo', 'ocasion', 3),
(533, 74, 'Me informan sobre lo que hago bien en mi trabajo', 'ocasion', 3),
(532, 73, 'Algunos compañeros de trabajo me escuchan cuando tengo problemas', 'ocasion', 3),
(531, 72, 'En mi trabajo las personas nos apoyamos unos a otros', 'ocasion', 3),
(530, 71, 'Mis compañeros de trabajo me ayudan cuando tengo dificultades', 'ocasion', 3),
(529, 70, 'Cuando tenemos que realizar trabajo de grupo los compañeros colaboran', 'ocasion', 3),
(528, 69, 'Mi grupo de trabajo es muy unido', 'ocasion', 3),
(527, 68, 'Mi grupo de trabajo es muy unido', 'ocasion', 3),
(526, 67, 'Entre compañeros solucionamos los problemas de forma respetuosa', 'ocasion', 3),
(525, 66, 'En mi grupo de trabajo algunas personas me maltratan', 'ocasion', 3),
(524, 65, 'Me siento a gusto con mis compañeros de trabajo', 'ocasion', 3),
(523, 64, 'Siento que puedo confiar en mis compañeros de trabajo', 'ocasion', 3),
(522, 63, 'En mi grupo de trabajo me tratan de forma respetuosa', 'ocasion', 3),
(521, 62, 'Me agrada el ambiente de mi grupo de trabajo', 'ocasion', 3),
(520, 61, 'Mi jefe me brinda su apoyo cuando lo necesito', 'ocasion', 3),
(519, 60, 'Mi jefe me escucha cuando tengo problemas de trabajo', 'ocasion', 3),
(518, 59, 'Siento que puedo confiar en mi jefe', 'ocasion', 3),
(517, 58, 'Mi jefe me trata con respeto', 'ocasion', 3),
(516, 57, 'Mi jefe ayuda a solucionar los problemas que se presentan en el trabajo', 'ocasion', 3),
(515, 56, 'Mi jefe me ayuda a sentirme bien en el trabajo', 'ocasion', 3),
(514, 55, 'Mi jefe me ayuda a progresar en el trabajo', 'ocasion', 3),
(513, 54, 'La orientación que me da mi jefe me ayuda a hacer mejor mi trabajo', 'ocasion', 3),
(512, 53, 'Mi jefe me comunica a tiempo la información relacionada con el trabajo', 'ocasion', 3),
(511, 52, 'Mi jefe distribuye las tareas de forma que me facilita el trabajo', 'ocasion', 3),
(510, 51, 'Mi jefe me anima para hacer mejor mi trabajo', 'ocasion', 3),
(509, 50, 'Mi jefe tiene en cuenta mis puntos de vista y opiniones', 'ocasion', 3),
(508, 49, 'Mi jefe ayuda a organizar mejor el trabajo', 'ocasion', 3),
(507, 48, 'Recibo capacitación que me ayuda a hacer mejor hacer mi trabajo', 'ocasion', 3),
(506, 47, 'Reciibo capacitación ütil para hacer mi trabajo', 'ocasion', 3),
(505, 46, 'La empresa me permite asistir a capacitaciones relacionadas con mi trabajo.', 'ocasion', 3),
(504, 45, 'Me informan claramente con quien puedo resolver los asuntos de trabajo', 'ocasion', 3),
(503, 44, 'Me explican claramente los objetivos de mi trabajo', 'ocasion', 3),
(502, 43, 'Me explican claramente los resultados que debo lograr en mi trabajo', 'ocasion', 3),
(501, 42, 'Me informan cuáles son las decisiones que puedo tomar en mi trabajo', 'ocasion', 3),
(500, 41, 'Me informan con claridad cuáles son mis funciones.', 'ocasion', 3),
(499, 40, 'Cuando se presentan cambios en mi trabajo se tienen en cuenta mis ideas y sugerencias', 'ocasion', 3),
(498, 39, 'Puedo dar sugerencias sobre los cambios que ocurren en mi trabajo', 'ocasion', 3),
(497, 38, 'Me explican claramente los cambios que ocurren en mi trabajo', 'ocasion', 3),
(496, 37, 'Puedo parar un momento mi trabajo para atender algún asunto personal', 'ocasion', 3),
(495, 36, 'Puedo cambiar el orden de las actividades en mi trabajo', 'ocasion', 3),
(494, 35, 'Puedo decidir la velocidad a la que trabajo', 'ocasion', 3),
(493, 34, 'Puedo decidir cuánto trabajo hago en el día', 'ocasion', 3),
(492, 33, 'Puedo tomar pausas cuando las necesito', 'ocasion', 3),
(491, 32, 'Mi trabajo me permite aprender cosas nuevas', 'ocasion', 3),
(490, 31, 'Mi trabajo me permite aplicar mis conocimientos', 'ocasion', 3),
(489, 30, 'Mi trabajo me permite desarrollar mis habilidades', 'ocasion', 3),
(488, 29, 'Mi trabajo me permite aprender nuevas cosas', 'ocasion', 3),
(487, 28, 'Por mi trabajo el tiempo que paso con mi familia y amigos es muy poco.', 'ocasion', 3),
(486, 27, 'Debo atender asuntos de trabajo cuando estoy en casa', 'ocasion', 3),
(485, 26, 'Discuto con mi familiao amigos por causa de mi trabajo', 'ocasion', 3),
(484, 25, 'Cuando estoy en casa sigo pensando en el trabajo', 'ocasion', 3),
(483, 24, 'En mi trabajo puedo tomar fines de semana o dias de descanzo al mes', 'ocasion', 3),
(482, 23, 'Mi trabajo me exige laborar en dias de descanzo, festivo o fines de semana', 'ocasion', 3),
(481, 22, 'En mi trabajo es posible tomar pausas para descanzar', 'ocasion', 3),
(480, 21, 'Trabajo en horario de noche', 'ocasion', 3),
(479, 20, 'Mi trabajo requiere que me fije en pequeños detalles', 'ocasion', 3),
(478, 19, 'En mi trabajo tengo que hace cálculos matemáticos', 'ocasion', 3),
(477, 18, 'Mi trabajo me exige memorizar mucha información', 'ocasion', 3),
(476, 17, 'Mi trabajo me exige estar muy concentrado', 'ocasion', 3),
(475, 16, 'Mi trabajo me exige hacer mucho esfuerzo mental', 'ocasion', 3),
(474, 15, 'Por la cantidad de trabajo que tengo debo trabajar sin parar', 'ocasion', 3),
(473, 14, 'Me alcanza el tiempo de trabajo para tener al día mis deberes', 'ocasion', 3),
(472, 13, 'Por la cantidad de trabajo que tengo debo quedarme tiempo adicional', 'ocasion', 3),
(471, 12, 'El lugar donde trabajo es limpio y ordenado', 'ocasion', 3),
(470, 11, 'Me preocupa accidentarme en mi trabajo', 'ocasion', 3),
(469, 10, 'En mi trabajo me preocupa estar expuesto a microbios, animales o plantas que afecten mi salud', 'ocasion', 3),
(468, 9, 'Los equipos o herramientas con los que trabajo son cómodos', 'ocasion', 3),
(467, 8, 'Mi trabajo me exige hacer mucho esfuerzo físico', 'ocasion', 3),
(466, 7, 'En mi trabajo me preocupa estar expuesto a sustancias químicas que afecten mi salud', 'ocasion', 3),
(465, 6, 'El espacio donde trabajo es cómodo', 'ocasion', 3),
(464, 5, 'La luz del sitio donde trabajo es agradable', 'ocasion', 3),
(463, 4, 'El aire en el lugar donde trabajo es fresco y agradable', 'ocasion', 3),
(462, 3, 'En el lugar donde trabajo hace mucho calor', 'ocasion', 3),
(461, 2, 'En el lugar donde trabajo hace mucho frío', 'ocasion', 3),
(460, 1, 'El ruido en el lugar donde trabajo es molesto', 'ocasion', 3),
(536, 77, 'La forma como evalúan mi trabajo en la empresa me ayuda a mejorar', 'ocasion', 3),
(537, 78, 'Me informan a tiempo sobre lo que debo mejorar en el trabajo', 'ocasion', 3),
(538, 79, 'En la empresa me pagan a tiempo mi salario', 'ocasion', 3),
(539, 80, 'El pago que recibo es el que me ofrecio la empresa', 'ocasion', 3),
(540, 81, 'El pago que recibo es el que merezco por el trabajo que realizo', 'ocasion', 3),
(541, 82, 'En mi trabajo tengo posibilidades de progresar', 'ocasion', 3),
(542, 83, 'Las personas que hacen bien el trabajo pueden progresar en la empresa', 'ocasion', 3),
(543, 85, 'Mi trabajo en la empresa es estable', 'ocasion', 3),
(544, 86, 'El trabajo que hago me hace sentir bien', 'ocasion', 3),
(545, 87, 'Siento orgullo de trabajar en esta empresa', 'ocasion', 3),
(546, 88, 'Hablo bien de la empresa con otras personas', 'ocasion', 3),
(547, 89, 'En mi trabajo debo brindar servicio a clientes o usuarios:', 'afirmacion_compuesta', 3),
(548, 90, 'Atiendo clientes o usuarios muy enojados', 'ocasion_compuesto', 3),
(549, 91, 'Atiendo clientes o usuarios muy preocupados', 'ocasion_compuesto', 3),
(550, 92, 'Mi trabajo me exige atender personas muy tristes', 'ocasion_compuesto', 3),
(551, 93, 'Mi trabajo me exige atender personas muy enfermas', 'ocasion_compuesto', 3),
(552, 94, 'Mi trabajo me exige atender personas muy necesitadas de ayuda', 'ocasion_compuesto', 3),
(553, 95, 'Atiendo clientes o usuarios que me maltratan', 'ocasion_compuesto', 3),
(554, 96, 'Mi trabajo me exige atender situaciones de violencia', 'ocasion_compuesto', 3),
(555, 97, 'Mi trabajo me exige atender situaciones muy tristes o dolorosas', 'ocasion_compuesto', 3),
(556, 98, 'Puedo expresar tristeza o enojo frente a las persnas que atiendo', 'ocasion_compuesto', 3);

-- --------------------------------------------------------

--
-- Estructura Stand-in para la vista `VpreguntaForm`
-- (Véase abajo para la vista actual)
--
CREATE TABLE `VpreguntaForm` (
`id` int(11)
,`descripcion` varchar(500)
,`id_formulario` int(11)
,`orden` int(11)
,`tipo_referencia` varchar(100)
,`nombre_formulario` varchar(200)
,`orden_formulario` int(11)
);

-- --------------------------------------------------------

--
-- Estructura Stand-in para la vista `vusuarios`
-- (Véase abajo para la vista actual)
--
CREATE TABLE `vusuarios` (
`numero_documento` bigint(20)
,`id_persona` int(11)
,`expedicion` int(4)
,`nit` bigint(20)
,`tipo_formulario` enum('','A','B')
,`mail` varchar(300)
);

-- --------------------------------------------------------

--
-- Estructura para la vista `VpreguntaForm`
--
DROP TABLE IF EXISTS `VpreguntaForm`;

CREATE ALGORITHM=UNDEFINED DEFINER=`riesgopsicosocia`@`localhost` SQL SECURITY DEFINER VIEW `VpreguntaForm`  AS  select `p`.`id` AS `id`,`p`.`descripcion` AS `descripcion`,`p`.`id_formulario` AS `id_formulario`,`p`.`orden` AS `orden`,`p`.`tipo_referencia` AS `tipo_referencia`,`f`.`nombre_formulario` AS `nombre_formulario`,`f`.`orden_formulario` AS `orden_formulario` from (`preguntas` `p` join `formularios` `f` on((`p`.`id_formulario` = `f`.`id`))) order by `f`.`orden_formulario`,`p`.`orden` ;

-- --------------------------------------------------------

--
-- Estructura para la vista `vusuarios`
--
DROP TABLE IF EXISTS `vusuarios`;

CREATE ALGORITHM=UNDEFINED DEFINER=`riesgopsicosocia`@`localhost` SQL SECURITY DEFINER VIEW `vusuarios`  AS  select `P`.`numero_documento` AS `numero_documento`,`P`.`id` AS `id_persona`,year(`P`.`fecha_exp_documento`) AS `expedicion`,`E`.`nit` AS `nit`,`P`.`tipo_formulario` AS `tipo_formulario`,`P`.`mail` AS `mail` from (`personas` `P` join `empresas` `E` on((`P`.`codigo_empresa` = `E`.`nit`))) where (`P`.`tipo_formulario` in ('A','B')) ;

--
-- Índices para tablas volcadas
--

--
-- Indices de la tabla `bateria_detalle`
--
ALTER TABLE `bateria_detalle`
  ADD PRIMARY KEY (`id_bateria`,`id_pregunta`) USING BTREE;

--
-- Indices de la tabla `bateria_encabezado`
--
ALTER TABLE `bateria_encabezado`
  ADD PRIMARY KEY (`id`);

--
-- Indices de la tabla `codigos_referencia`
--
ALTER TABLE `codigos_referencia`
  ADD PRIMARY KEY (`id`);

--
-- Indices de la tabla `empresas`
--
ALTER TABLE `empresas`
  ADD PRIMARY KEY (`id`);

--
-- Indices de la tabla `formularios`
--
ALTER TABLE `formularios`
  ADD PRIMARY KEY (`id`);

--
-- Indices de la tabla `personas`
--
ALTER TABLE `personas`
  ADD PRIMARY KEY (`id`);

--
-- Indices de la tabla `preguntas`
--
ALTER TABLE `preguntas`
  ADD PRIMARY KEY (`id`);

--
-- AUTO_INCREMENT de las tablas volcadas
--

--
-- AUTO_INCREMENT de la tabla `bateria_encabezado`
--
ALTER TABLE `bateria_encabezado`
  MODIFY `id` int(11) NOT NULL AUTO_INCREMENT, AUTO_INCREMENT=5;

--
-- AUTO_INCREMENT de la tabla `codigos_referencia`
--
ALTER TABLE `codigos_referencia`
  MODIFY `id` int(11) NOT NULL AUTO_INCREMENT, AUTO_INCREMENT=92;

--
-- AUTO_INCREMENT de la tabla `empresas`
--
ALTER TABLE `empresas`
  MODIFY `id` int(11) NOT NULL AUTO_INCREMENT, AUTO_INCREMENT=6;

--
-- AUTO_INCREMENT de la tabla `formularios`
--
ALTER TABLE `formularios`
  MODIFY `id` int(11) NOT NULL AUTO_INCREMENT, AUTO_INCREMENT=8;

--
-- AUTO_INCREMENT de la tabla `personas`
--
ALTER TABLE `personas`
  MODIFY `id` int(11) NOT NULL AUTO_INCREMENT, AUTO_INCREMENT=14;

--
-- AUTO_INCREMENT de la tabla `preguntas`
--
ALTER TABLE `preguntas`
  MODIFY `id` int(11) NOT NULL AUTO_INCREMENT, AUTO_INCREMENT=557;
COMMIT;

/*!40101 SET CHARACTER_SET_CLIENT=@OLD_CHARACTER_SET_CLIENT */;
/*!40101 SET CHARACTER_SET_RESULTS=@OLD_CHARACTER_SET_RESULTS */;
/*!40101 SET COLLATION_CONNECTION=@OLD_COLLATION_CONNECTION */;
